"automation_id","automation_name","business_name","contact_person","effort_saving","project_name","resued","saving_to_ge","serial_no","summary","technology","uploaded_file_name","version","contributor_name","download_count","componenet_name","description","ibu_name","automation_status"
"266","Update or Delete Record Directly from Qlikview","GE Energy","Dillip.Nayak@TechMahindra.com","600.0","Industrial BI Development","All Qlickview reports","11000.0","7","This implementation is great way to interact between OLTP and OLAP . Checks before implementing this :Qlikview Scripts are ran using Microsoft COM Automation. it will run on client-side and works fine if IE Plugin in Web are used,It’s one-way communication so, We are not able to trace status, Is it created in the folder path When we want to update more than one record then we need to use Dynamic Update in Qlikview.once published in server the user must have Qlikview administrator permission..","Qlickview","\N","Qlickview","Rahul Kumar","0","\N","\N","\N","In Progress"
"262","API integrator","GE Power","Dillip.Nayak@TechMahindra.com","6000.0","PS Backlog Job & Pacing Reports","Any business with Finance planning & reporting","100000.0","3","End to End Financial Baklog report with 360 degree view.","Tableau","S Financial Reporting","Talend 6.1, Tableau 10.1.4","Rahul Kumar","1","\N","\N","\N","In Progress"
"264","Upload of Daily Financial Extract Files to Support central.","GE Aviation","Dillip.Nayak@TechMahindra.com","400.0","EM Support","All support proejcts","10000.0","5","Step-1: Informatica generates 4 extracts (Orders, Sales, Backlogs and Converted Orders) in text format every day and keep the files in server Step 2: The script which is developed runs every 30 minutes and if any extract file is generated, it takes the file, converts to Excel format and uploads to the Support central library with proper naming Step 3: Users can directly download the files and validate.","Informatica","\N","Inforamtica 9.x","Sai Kumar","1","\N","\N","\N","Completed"
"269","Automate Informatica Object Migration","GE Aviation","Dillip.Nayak@TechMahindra.com","720.0","GEA Enabling Tools","Informatica Object Migration","43200.0","10","Integration between ServiceNow tool with Informatica migration server where objects are migrated based on the description in text file submitted by users.","Informatica, UNIX","\N","\N","Sai Kumar","0","\N","\N","\N","Completed"
"268","SPARK Streaming API Call & Handle Data","GE Aviation","Dillip.Nayak@TechMahindra.com","2400.0","MyEngine","Processing large files in HDFS","48000.0","9","Create a Spark API to take the data from real time sources and then load into the GP database. This requires installation of Spark in the server.","SPARK, Python, Talend","(SPARK Streaming)API call & handle Data","\N","Sai Kumar","0","\N","\N","\N","Completed"
"267","Replication Efficiency Automated Evaluation.","GE Aviation","Dillip.Nayak@TechMahindra.com","360.0","SPARK Streaming API Call & Handle Data","Informatica job server","21600.0","8","Informatica Proactive Monitoring tool – This automation sends email alerts when the server/services are down and the cache reaches 80% and reduces manual intervention.","SPARK, Python, Talend","\N","\N","Sai Kumar","0","\N","\N","\N","Completed"
"265","Replication Efficiency Automated Evaluation.","IGEI","Dillip.Nayak@TechMahindra.com","400.0","Upload of Daily Financial Extract Files to Support central.","All support proejcts","10000.0","6","Step-1: Informatica generates 4 extracts (Orders, Sales, Backlogs and Converted Orders) in text format every day and keep the files in server Step 2: The script which is developed runs every 30 minutes and if any extract file is generated, it takes the file, converts to Excel format and uploads to the Support central library with proper naming Step 3: Users can directly download the files and validate.","Informatica","\N","Informatica 9.x","Rajeeb Kumar","0","\N","\N","\N","Completed"
"260","Reporting Extracts Failure Reporting.","GE Power","Dillip.Nayak@TechMahindra.com","2000.0","CS ICAM DWH 2012","All Tableu Support projects","32000.0","1","Tableau extract level counts for each of the report would be compared with the DB level row counts for each of the constituent tables and the result along with refresh information for all the reports would be showcased in a single dashboard.","Tableau","ReportingFailure","Talend 6.1, Tableau 10.1.4","Rakesh Kumar","14","\N","\N","\N","Completed"
"261","Replication Efficiency Automated Evaluation.","GE Aviation","Dillip.Nayak@TechMahindra.com","100.0","CS ICAM DWH 2012","All Tableu Support projects","3000.0","2","An automated solution was conceptualized which would pull table wise counts from OLTP and Replica All the disparities are reported through Tableau report to necessary stakeholders.","Tableau","ICAM NextGen Replication","Talend 6.1, Tableau 10.1.4","Sai Kumar","2","\N","\N","\N","Completed"
"263","Automation of Qlik View Dashboard Refresh.","GE Energy","Dillip.Nayak@TechMahindra.com","2400.0","Industrial BI Development","Any Support proejct, where report refresh is part of the acitivity","40000.0","4","Step 1 : A status table in Database with columns Load_end_date and Flag was created Step 2: ETL design was changed ,upon the completion of ETL load one row will be inserted to the status table with sysdate and ‘Y’Step 3: ETL Status Check qvw script is created that looks for (sysdate,’Y’) in the status table in a Loop. So when there is no latest values in status table the task will keep on running and once it reads the latest values from the table it gets succeeded Step 4: Loading of data from DB to qvd starts after successful completion of ETL status check qvw script.","Informatica","Energy Connection-Automations","Informatica 9.x","Prabin Kumar","2","\N","\N","\N","Completed"
