"reuse_id","business_name","project_name","reuse_componenet_name","resued","saving_to_ge","serial_no","summary","technology","uploaded_file_name","contact_person","download_counter"
"73","GE Aviation","Aviation Data Lake","Spark Streaming","Standardized process suitable for quick adaptability","48000","24","The solution is a generic solution to Internet (or real time) data handling; mostly when it comes to API data issue. Handling streaming data and processing them in memory can be achieved much faster with this solution.
SPARK engine provides in memory computation with resilient data set and parallelism. The solution can be adopted across.","Big Data(Spark )","Reuse Case studies","Dillip.Nayak@TechMahindra.com","1"
"72","GE Aviation","My Engine","Informatica – Object Migration","ETL Object migration.","43000","23","The solution is a generic solution to informatica deployment process. With a little change, it can be replicated for any other ETL tool administration. It saved enormous manual intervention, reviews, check lists.","Informatica","Reuse Case studies","Dillip.Nayak@TechMahindra.com","3"
"104","GE Power","EEDW Support & Reporting","Automated FMI’s generation/distribution","NA","125000.0","5","$93K annual CD/paper distribution requirements for FMIs","\N","Reuse Components","Dillip.Nayak@TechMahindra.com","2"
"102","GE Power Services","Aero Financial Reporting","Whiteboard Application Automation","Yes","30000.0","3","Automating data extraction and integration process for Whiteboard Application","\N","Reuse Components","Dillip.Nayak@TechMahindra.com","6"
"105","GE Power","ICAM DWH","Reporting Extracts Failure Reporting","Yes","32000.0","6","Tableau extract level counts for each of the report would be compared with the DB level  row counts for each of the constituent tables and the result along with refresh information for all the reports would be showcased in a single dashboard","\N","Reuse Components","Dillip.Nayak@TechMahindra.com","0"
"106","GE Power","ICAM DWH","Replication Efficiency Automated Evaluation","Yes","3000.0","7","All the disparities are reported through Tableau report to necessary stakeholders.All the disparities are reported through Tableau report to necessary stakeholders","\N","Reuse Components","Dillip.Nayak@TechMahindra.com","0"
"107","GE Power","PS Backlog Job & Pacing Reports","Integrate data from 10 different sources and tableau reports for pacing","Yes","100000.0","8","End to End Financial Baklog report with 360 degree view","\N","Reuse Components","Dillip.Nayak@TechMahindra.com","0"
"108","GE Energy","Industrial BI Development","Qlik View Dashboard Refresh","Yes","40000.0","9","Loading of data from DB to starts after successful completion of ETL status check","\N","Reuse Components","Dillip.Nayak@TechMahindra.com","0"
"109","GE Energy","Industrial BI Development","Update or Delete Record Directly from Qlikview","Yes","11000.0","10","This implementation is great way to interact between OLTP and OLAP.","\N","Reuse Components","Dillip.Nayak@TechMahindra.com","0"
"110","GE Aviation","myEngine","SPARK Streaming API Call & Handle Data","Yes","48000.0","11","Create a Spark API to take the data from real time sources and then load into the GP database.","\N","Reuse Components","Dillip.Nayak@TechMahindra.com","0"
"111","GE Aviation","GEA Enabling Tools","Automate Informatica Object Migration","Yes","21000.0","12","Integration between ServiceNow tool with Informatica migration server where objects are migrated based on the description in text file submitted by users","\N","Reuse Components","Dillip.Nayak@TechMahindra.com","0"
"112","GE Aviation","Data Lake Ingestion","Migration of Table into HAWQ, GP from other source e.g. Oracle","Yes","16000.0","13","Create large number of tables in the target database of Greenplum or Hawq either from Oracle or GP or HAWQ using Talend Job that creates the table on the fly as well as moves data","\N","Reuse Components","Dillip.Nayak@TechMahindra.com","0"
"113","GE Corp/Digital","DW RTS ","BO reporting access automation","Yes","11000.0","14","New access requests are eliminated by automating the access creation process using scripts. We used DL based access management which helped us to reduce 300+ Tickets in a year.","\N","Reuse Components","Dillip.Nayak@TechMahindra.com","0"
"114","GE Corp/Digital","DW RTS ","OBIEE RPD Merge Automation","Yes","210000.0","15","Automation solution based on Shell Scripts to merge OBIEE repositories (RPD) in the shortest time possible,  The solution was also capable of smart error & validation handling  and dynamic decision making without requiring manual interference","\N","Reuse Components","Dillip.Nayak@TechMahindra.com","0"
"115","GE Corp/Digital","DW RTS ","BO/OBIEE/Informatica Server health Check (Automated Log Monitoring)","Yes","32400.0","16","Helps to avoid overload on servers there by mitigating the need to restart it. Written a script which automatically monitors the log and send an email when the server load increases beyond limit","\N","Reuse Components","Dillip.Nayak@TechMahindra.com","0"
"116","GE Corp/Digital","DW RTS ","Automation of Manual jobs","Yes","32400.0","17","Automated manual job process by writing pre edit checks and scheduling Automated Jobs for all Daily and Weekly loads","\N","Reuse Components","Dillip.Nayak@TechMahindra.com","0"
"74","GE Aviation","Aviation Data Lake","Access Automation – Tableau","Tableau access process by minimal changes","35000","25","The solution is a generic solution to Tableau access process. With a little change, it can be reused for any other project, using tableau. ","Tableau","Reuse Case studies","Dillip.Nayak@TechMahindra.com","1"
"103","GE Treasury","GE Treasury-App support","Weekly maintenance activity for Data clean up ","Yes","10000.0","4","Automated the Weekly maintenance activity for Data clean up old logs file in Riskbox applications","\N","Reuse Components","Dillip.Nayak@TechMahindra.com","3"
"101","GE Aviation","GE Aviation P&PS Enabling Tool","Automation of monitoring in informatica","Adopted by GE Power technologies and is being tracked to closure","15000.0","2","Informatica Proactive Monitoring tool – This automation sends email alerts when the server/services are down and the cache reaches 80% and reduces manual intervention.","\N","Reuse Components","Dillip.Nayak@TechMahindra.com","3"
"117","GE Corp/Digital","DW Projects - HRA","Core Trimming - Tableau","Yes","13000.0","18","Using Interworks Tool, we reduced the load time from  4  hours 30 mins before the change to 1 hr 15 mins after the change, resulting in reduction in Tableau server processing time of 3 hr 15 mins / day","\N","Reuse Components","Dillip.Nayak@TechMahindra.com","0"
"125","GE Corp","GE Corp-DW RTS","PCHECK process automation","Yes","1280","28","PCHECK manual file process automation","","Reuse Components","Dillip.Nayak@TechMahindra.com","0"
"126","GE Corp","GE Corp-DW RTS","Billing Rejects Automation","Yes","3200","29","GIS Billing reject records automation ","","Reuse Components","Dillip.Nayak@TechMahindra.com","0"
"127","GE Corp","GE Corp-DW RTS","Email Notification in TMS","Yes","3200","30","Automated Email notification in TMS","","Reuse Components","Dillip.Nayak@TechMahindra.com","0"
"131","GE Oil & Gas","GEAR","Data Extraction from Primavera","Yes","34000","31","GEAR has disparate source systems like Primavera, SAP etc. For each of the source system, currently a SME pulls the data from source system, cleanses and puts in the FTP box ","","Reuse Components","Dillip.Nayak@TechMahindra.com","0"
"132","GE Oil & Gas","GEAR","Data Extraction from Workfront","Yes","54000","33","GEAR has disparate source systems like Primavera, SAP etc. For Workfront, currently a SME pulls the data from source system, cleanses and puts in the FTP box for processing. ","","Reuse Components","Dillip.Nayak@TechMahindra.com","0"
"135","GE Power Services","GE PS Financial Reporting","Actuals By PLF","Yes","80000","39","GE Power Services currently does not have Product Line as part of their chart of account and are unable to report quarterly actuals by productline from Hyperion. This initiative has brought in data consolidation, business rules and analytical reporting to produce the quarterly actuals by product line.
","","Reuse Components","Dillip.Nayak@TechMahindra.com","1"
"118","GE Corp/Digital","DW Projects - HRA","Audit Dashboard","Yes","20000.0","19","Tableau Audit Dashboard & Architecture changes (To eliminate legacy tables and un used objects)","\N","Reuse Components","Dillip.Nayak@TechMahindra.com","0"
"119","GE Health Care","ICC EAI Development","Reusable generic shell scripts","Yes","1425.0","20","Reusable generic shell scripts for performing below tasks. ","\N","Reuse Components","Dillip.Nayak@TechMahindra.com","0"
"120","GE Health Care","ICC EAI Development","Reusable generic shell scripts","Yes","255.0","21","Archiving the Log files (Due to huge size of the files archiving mount point space is full and lead to space issues. Manually clearing of archive files taking 4 to 5 hrs of effort per week.","\N","Reuse Components","Dillip.Nayak@TechMahindra.com","0"
"122","GE Treasury","GE Treasury-App support","Sanity Checks","Yes","3200","26","1. Alerts setup and OEM alerts for TDL.
2. identify the missing Jobs after the outages.schedule it in order to generate the hourly.
3. Take VDP backup & Scheduler backup on a daily basis
4. Deployment script for Denode artifacts.
5. Take VDP backup & Scheduler backup on a daily basis
6. Automate Informatica based deployment Directories and IS, delete files from Temp / cache / logs folders,  Start / Stop script with Appworx Start  / Stop Script
7. Sanity checks - Informatica, Cognos & spotfire
8. DR synchronization.
9. Report clean-up to free space","","Reuse Components","Dillip.Nayak@TechMahindra.com","0"
"123","GE Treasury","GE Treasury-Build","DL Security Framework","Yes","13120","27","Automated process- With help of BU we will maintain the security level at Data Distribution Layer.The porcess will pick up the users SSO and will allow only to view which ","","Reuse Components","Dillip.Nayak@TechMahindra.com","0"
"124","GE Corp","GE Corp-DW RTS","Billing Reports Automation","Yes","960","28","Automated 30 Disposed Billing reports","","Reuse Components","Dillip.Nayak@TechMahindra.com","0"
"100","GE Power","PWT Data Management Ops","Automated Status Reporting","Being leveraged in GE water and other support engagements using Service Now as the ITSM tool","12000.0","1","Currently, we are taking static images from excel sheets and putting them in ppts' for status reporting. The plan is to automate the entire process of data collections and use Tableau for status reporting, that also provide analytic features.","\N","Reuse Components","Dillip.Nayak@TechMahindra.com","14"
"121","GE Health Care","ICC EAI Development","Reusable generic shell scripts","Yes","255.0","22","Currently, individual upstream/downstream system stakeholders are requesting the status of data load.  This is increasing the incident count and manual effort.","\N","Reuse Components","Dillip.Nayak@TechMahindra.com","0"
