"user_id","confirm_password","email","password","phone_number","user_name","user_type"
"52","techm@123","testing@techm.com","techm@123","1237890675","testing","\N"
"100","RAKESH@123","rakeshkumar.nayak@techmahindra.com","RAKESH@123","7064169169","RAKESH","\N"
"51","techm@123","testuser@techm.com","techm@123","1890876906","testuser","user"
"50","admin@123","techm123@techm.com","admin@123","1236785463","admin","admin"
"151","sales","sales@gmail.com","sales","2222222222","sales","user"
"150","delivery","test@gmail.com","delivery","1111111111","delivery","user"
"152","techm@123","techm@gmail.com","techm@123","1111111111","techm","user"
