{[{
		"reuseId": 73,
		"serialNum": 24,
		"businessName": "GE Aviation",
		"projectName": "Aviation Data Lake",
		"uploadedFileName": "Reuse Case studies",
		"reuseComponentName": "Spark Streaming",
		"summary": "The solution is a generic solution to Internet (or real time) data handling; mostly when it comes to API data issue. Handling streaming data and processing them in memory can be achieved much faster with this solution.\nSPARK engine provides in memory computation with resilient data set and parallelism. The solution can be adopted across.",
		"technology": "Big Data(Spark )",
		"savingToGE": "48000",
		"reused": "Standardized process suitable for quick adaptability",
		"contactPerson": "Dillip.Nayak@TechMahindra.com",
		"downloadCounter": 1
	}, {
		"reuseId": 72,
		"serialNum": 23,
		"businessName": "GE Aviation",
		"projectName": "My Engine",
		"uploadedFileName": "Reuse Case studies",
		"reuseComponentName": "Informatica – Object Migration",
		"summary": "The solution is a generic solution to informatica deployment process. With a little change, it can be replicated for any other ETL tool administration. It saved enormous manual intervention, reviews, check lists.",
		"technology": "Informatica",
		"savingToGE": "43000",
		"reused": "ETL Object migration.",
		"contactPerson": "Dillip.Nayak@TechMahindra.com",
		"downloadCounter": 2
	}
]}